Mat;Ind;Ipa;Ing;JURUSAN
66.5;66.5;68.5;50.5;ARSITEK
63;81.5;70.5;57;ARSITEK
68;87.5;83;49;ARSITEK
75.5;79.5;78;51;ARSITEK
65.5;85.5;68;59;ARSITEK
95.5;89.5;90.5;61;ARSITEK
58;83.5;63;65;ARSITEK
70.5;77.5;75.5;53;ARSITEK
88;79.5;88;63;ARSITEK
80.5;81.5;83;59;ARSITEK
90;93.5;80.5;53;ARSITEK
48;75.5;80.5;68.5;ARSITEK
73;81.5;63;56.5;ARSITEK
70.5;79.5;63;52.5;ARSITEK
93;77.5;78;48.5;ARSITEK
88;81.5;80.5;64.5;ARSITEK
86;89.5;83;57;ARSITEK
88;61.5;60.5;53;ARSITEK
85.5;77.5;55.5;71;ARSITEK
90.5;83.5;78;57;ARSITEK
75.5;81.5;73;45;ARSITEK
95.5;87.5;85.5;77;ARSITEK
88;77.5;78;83;ARSITEK
98;81.5;78;69;ARSITEK
85.5;91.5;80.5;77;ARSITEK
85.5;93.5;65.5;51;ARSITEK
85.5;91.5;90.5;47;ARSITEK
95.5;87.5;83;88.5;ARSITEK
90;87.5;93;80.5;ARSITEK
93;89.5;85.5;90.5;ARSITEK
60.5;81.5;85.5;54.5;ARSITEK
90.5;85.5;90.5;60;ARSITEK
85.5;85.5;58;62.5;ARSITEK
75.5;87.5;60.5;55;ARSITEK
78;91.5;78;64.5;ARSITEK
73;83.5;68;45;ARSITEK
80.5;79.5;83;66.5;ARSITEK
53;75.5;63;65;ARSITEK
88;85.5;75.5;50.5;ARSITEK
75.5;87.5;78;62.5;ARSITEK
63;89.5;88;60;ARSITEK
55.5;79.5;70.5;50.5;ARSITEK
68;79.5;75.5;55;ARSITEK
65.5;83.5;70.5;48.5;ARSITEK
75.5;75.5;73;54;ARSITEK
88;93.5;83;54.5;ARSITEK
75.5;91.5;70.5;68;ARSITEK
73;85.5;60.5;52.5;ARSITEK
68;75.5;68;54.5;ARSITEK
50.5;89.5;58;55;ARSITEK
58;83.5;73;44.5;ARSITEK
95.5;87.5;93;70;ARSITEK
75.5;75.5;68;42.5;ARSITEK
60.5;79.5;73;46;ARSITEK
58;79.5;73;44.5;ARSITEK
85.5;77.5;88;64.5;ARSITEK
88;81.5;73;72.5;ARSITEK
65.5;83.5;68;46;ARSITEK
80.5;91.5;83;66.5;ARSITEK
68;71.5;78;44.5;ARSITEK
88;81.5;68;50.5;ARSITEK
88;93.5;78;54;ARSITEK
90.5;91.5;90.5;66.5;ARSITEK
98;89.5;93;78;ARSITEK
98;95.5;93;72.5;TEKNIK SIPIL
90.5;89.5;85.5;75;TEKNIK SIPIL
80.5;87.5;75.5;58.5;TEKNIK SIPIL
80.5;79.5;68;40.5;TEKNIK SIPIL
78;75.5;73;62.5;TEKNIK SIPIL
68;85.5;70.5;56;TEKNIK SIPIL
78;79.5;80.5;46.5;TEKNIK SIPIL
73;85.5;85.5;46;TEKNIK SIPIL
73;87.5;85.5;68.5;TEKNIK SIPIL
70.5;85.5;73;46.5;TEKNIK SIPIL
93;89.5;73;46;TEKNIK SIPIL
95.5;93.5;85.5;54.5;TEKNIK SIPIL
88;87.5;75.5;44.5;TEKNIK SIPIL
88;85.5;85.5;58.5;TEKNIK SIPIL
86;83.5;93;88.5;TEKNIK SIPIL
93;93.5;83;56;TEKNIK SIPIL
93;79.5;73;48.5;TEKNIK SIPIL
90.5;79.5;80.5;44.5;TEKNIK SIPIL
75.5;73.5;65.5;78;TEKNIK SIPIL
73;87.5;68;46.5;TEKNIK SIPIL
58;81.5;80.5;58.5;TEKNIK SIPIL
75.5;77.5;63;55;TEKNIK SIPIL
60.5;79.5;75.5;52.5;TEKNIK SIPIL
65.5;75.5;65.5;52.5;TEKNIK SIPIL
85.5;83.5;70.5;55;TEKNIK SIPIL
83;79.5;80.5;52.5;TEKNIK SIPIL
45.5;85.5;48;68;TEKNIK SIPIL
90.5;83.5;80.5;52.5;TEKNIK SIPIL
88;81.5;78;48;TEKNIK SIPIL
48;83.5;68;50.5;TEKNIK SIPIL
80.5;79.5;80.5;66;TEKNIK SIPIL
80;89.5;83;58.5;TEKNIK SIPIL
95.5;87.5;83;64.5;LISTRIK
68;89.5;63;45;LISTRIK
83;87.5;88;70.5;LISTRIK
73;81.5;75.5;56.5;LISTRIK
50.5;87.5;63;46;LISTRIK
85.5;87.5;88;76.5;LISTRIK
83;91.5;60.5;48;LISTRIK
90.5;81.5;83;66.5;LISTRIK
88;81.5;80.5;48;LISTRIK
58;79.5;55.5;68.5;LISTRIK
60.5;81.5;58;64.5;LISTRIK
73;85.5;60.5;50;LISTRIK
75.5;79.5;78;54.5;LISTRIK
63;87.5;70.5;65;LISTRIK
63;89.5;75.5;84.5;LISTRIK
88;89.5;86;70;LISTRIK
80.5;83.5;80.5;58.5;LISTRIK
65.5;83.5;68;65;LISTRIK
70.5;83.5;73;62.5;LISTRIK
90.5;83.5;75.5;65;LISTRIK
75.5;85.5;80.5;72.5;LISTRIK
75.5;89.5;78;74.5;LISTRIK
80.5;85.5;68;60.5;LISTRIK
90.5;79.5;80.5;54.5;LISTRIK
83;79.5;83;55;LISTRIK
90.5;91.5;83;44.5;LISTRIK
63;81.5;80.5;44;LISTRIK
65.5;93.5;75.5;40.5;LISTRIK
65.5;85.5;63;65;LISTRIK
73;77.5;68;50.5;LISTRIK
80.5;91.5;73;55;LISTRIK
48;73.5;63;64.5;LISTRIK
88;81.5;75.5;50;LISTRIK
88;83.5;88;46.5;LISTRIK
90.5;87.5;80.5;50.5;LISTRIK
60.5;69.5;73;56;LISTRIK
70.5;79.5;70.5;48.5;LISTRIK
45.5;89.5;53;52.5;LISTRIK
75.5;69.5;65.5;63;LISTRIK
63;83.5;55.5;52.5;LISTRIK
83;81.5;53;65;LISTRIK
60.5;77.5;65.5;58.5;LISTRIK
73;83.5;68;55;LISTRIK
85.5;85.5;85.5;62.5;LISTRIK
60.5;85.5;80.5;55;LISTRIK
75.5;83.5;85.5;44.5;LISTRIK
75.5;95.5;83;50.5;LISTRIK
60.5;81.5;80.5;65;LISTRIK
98;91.5;88;64.5;LISTRIK
88;89.5;85.5;68;LISTRIK
85.5;83.5;88;54.5;LISTRIK
70.5;93.5;83;65;LISTRIK
73;79.5;80.5;60.5;LISTRIK
98;89.5;98;65;LISTRIK
63;85.5;63;54.5;LISTRIK
78;79.5;70.5;55;LISTRIK
60.5;89.5;55.5;52.5;LISTRIK
68;81.5;70.5;56;LISTRIK
78;75.5;70.5;52.5;LISTRIK
60.5;81.5;70.5;68;LISTRIK
60.5;81.5;63;50.5;LISTRIK
83;81.5;58;68;LISTRIK
55.5;83.5;70.5;60;LISTRIK
85.5;79.5;78;58.5;LISTRIK
80.5;89.5;75.5;66;ELEKTRONIKA
58;83.5;60.5;46.5;ELEKTRONIKA
85.5;81.5;68;70;ELEKTRONIKA
88;85.5;55.5;64.5;ELEKTRONIKA
50.5;89.5;70.5;60;ELEKTRONIKA
53;85.5;60.5;62.5;ELEKTRONIKA
75.5;81.5;65.5;55;ELEKTRONIKA
75.5;91.5;78;58.5;ELEKTRONIKA
93;83.5;70.5;65;ELEKTRONIKA
68;89.5;70.5;62.5;ELEKTRONIKA
83;85.5;53;55;ELEKTRONIKA
88;79.5;65.5;50.5;ELEKTRONIKA
93;87.5;78;70;ELEKTRONIKA
48;79.5;53;64.5;ELEKTRONIKA
53;79.5;60.5;55;ELEKTRONIKA
50.5;87.5;40.5;68.5;ELEKTRONIKA
53;91.5;78;70.5;ELEKTRONIKA
70.5;71.5;78;55;ELEKTRONIKA
88;83.5;85.5;50;ELEKTRONIKA
88;77.5;73;60.5;ELEKTRONIKA
78;83.5;80.5;55;ELEKTRONIKA
80.5;79.5;63;44.5;ELEKTRONIKA
78;87.5;78;44;ELEKTRONIKA
65.5;85.5;63;44.5;ELEKTRONIKA
63;77.5;73;60.5;ELEKTRONIKA
78;81.5;75.5;56;ELEKTRONIKA
53;83.5;65.5;56.5;ELEKTRONIKA
33;75.5;53;60;ELEKTRONIKA
95.5;79.5;73;52.5;ELEKTRONIKA
55.5;85.5;78;50;ELEKTRONIKA
83;93.5;78;68.5;ELEKTRONIKA
65.5;71.5;65.5;55;ELEKTRONIKA
85.5;87.5;80.5;60.5;LAS
53;79.5;68;50.5;LAS
90.5;75.5;78;75;LAS
93;87.5;83;55;LAS
95.5;85.5;83;74.5;LAS
88;83.5;78;60;LAS
80.5;73.5;55.5;50;LAS
70.5;79.5;58;38.5;LAS
55.5;85.5;68;55;LAS
95.5;87.5;65.5;74.5;LAS
90.5;85.5;65.5;54;LAS
95.5;85.5;88;66.5;LAS
63;73.5;65.5;50;LAS
85.5;85.5;65.5;66.5;LAS
65.5;77.5;68;48.5;LAS
83;79.5;60.5;55;LAS
48;85.5;73;56.5;LAS
95.5;77.5;85.5;66;LAS
70.5;73.5;70.5;46.5;LAS
90.5;79.5;68;56;LAS
85.5;69.5;73;55;LAS
63;79.5;70.5;62.5;LAS
50.5;83.5;68;60;LAS
53;81.5;73;54.5;LAS
75.5;83.5;70.5;55;LAS
80.5;81.5;65.5;50;LAS
100;85.5;85.5;60;LAS
95.5;89.5;80.5;88.5;LAS
75.5;79.5;65.5;60;LAS
98;85.5;93;64.5;LAS
88;93.5;90.5;55;LAS
90;81.5;70.5;45;LAS
80.5;79.5;70.5;56;MESIN PRODUKSI
85.5;81.5;88;58.5;MESIN PRODUKSI
83;83.5;80.5;66.5;MESIN PRODUKSI
70.5;89.5;70.5;66;MESIN PRODUKSI
78;81.5;80.5;55;MESIN PRODUKSI
90;87.5;85.5;65;MESIN PRODUKSI
83;81.5;73;50;MESIN PRODUKSI
53;75.5;55.5;70;MESIN PRODUKSI
75.5;89.5;78;70;MESIN PRODUKSI
60.5;81.5;78;80.5;MESIN PRODUKSI
88;87.5;70.5;52.5;MESIN PRODUKSI
70.5;83.5;65.5;58.5;MESIN PRODUKSI
75.5;87.5;75.5;65;MESIN PRODUKSI
58;83.5;60.5;60;MESIN PRODUKSI
60.5;87.5;58;56.5;MESIN PRODUKSI
83;87.5;83;70;MESIN PRODUKSI
78;87.5;73;70.5;MESIN PRODUKSI
40.5;81.5;65.5;60;MESIN PRODUKSI
73;89.5;63;48.5;MESIN PRODUKSI
68;79.5;85.5;55;MESIN PRODUKSI
63;81.5;73;50.5;MESIN PRODUKSI
55.5;71.5;73;78.5;MESIN PRODUKSI
78;89.5;68;65;MESIN PRODUKSI
90.5;77.5;68;66.5;MESIN PRODUKSI
75.5;77.5;58;50;MESIN PRODUKSI
73;81.5;63;46.5;MESIN PRODUKSI
85.5;85.5;65.5;65;MESIN PRODUKSI
60.5;89.5;73;54.5;MESIN PRODUKSI
95.5;83.5;75.5;66;MESIN PRODUKSI
58;75.5;58;54.5;MESIN PRODUKSI
68;85.5;58;54.5;MESIN PRODUKSI
58;87.5;60.5;66;MESIN PRODUKSI
55.5;87.5;53;60.5;MESIN PRODUKSI
90.5;79.5;78;64.5;MESIN PRODUKSI
63;89.5;68;50;MESIN PRODUKSI
55.5;75.5;75.5;76.5;MESIN PRODUKSI
55.5;83.5;55.5;55;MESIN PRODUKSI
65.5;83.5;50.5;60.5;MESIN PRODUKSI
58;75.5;70.5;60;MESIN PRODUKSI
53;87.5;63;50.5;MESIN PRODUKSI
58;85.5;73;70;MESIN PRODUKSI
60.5;81.5;63;50.5;MESIN PRODUKSI
60.5;87.5;73;66;MESIN PRODUKSI
83;91.5;80.5;72.5;MESIN PRODUKSI
73;85.5;78;68;MESIN PRODUKSI
98;83.5;95.5;64.5;MESIN PRODUKSI
98;79.5;85.5;75;MESIN PRODUKSI
88;81.5;65.5;68.5;MESIN PRODUKSI
93;77.5;83;65;MESIN PRODUKSI
68;75.5;63;68.5;MESIN PRODUKSI
73;73.5;65.5;48.5;MESIN PRODUKSI
80.5;81.5;68;55;MESIN PRODUKSI
60.5;77.5;78;56;MESIN PRODUKSI
43;79.5;65.5;76.5;MESIN PRODUKSI
88;79.5;93;66;MESIN PRODUKSI
95.5;81.5;83;48.5;MESIN PRODUKSI
68;79.5;65.5;50;MESIN PRODUKSI
65.5;79.5;55.5;74.5;MESIN PRODUKSI
68;91.5;83;68;MESIN PRODUKSI
60.5;89.5;73;36.5;MESIN PRODUKSI
93;87.5;85.5;68;MESIN PRODUKSI
73;81.5;58;48.5;MESIN PRODUKSI
68;83.5;75.5;45;MESIN PRODUKSI
55.5;83.5;73;52.5;MESIN PRODUKSI
65.5;91.5;73;56;MESIN PRODUKSI
85.5;85.5;88;36.5;MESIN PRODUKSI
65.5;83.5;75.5;34.5;MESIN PRODUKSI
55.5;89.5;73;44;MESIN PRODUKSI
98;79.5;68;62.5;MESIN PRODUKSI
55.5;89.5;60.5;50.5;MESIN PRODUKSI
80.5;93.5;80.5;66;MESIN PRODUKSI
86;87.5;83;54.5;MESIN PRODUKSI
75.5;81.5;63;50;MESIN PRODUKSI
63;87.5;80.5;64.5;MESIN PRODUKSI
45.5;79.5;70.5;68.5;MESIN PRODUKSI
60.5;77.5;70.5;65;MESIN PRODUKSI
53;91.5;73;52.5;MESIN PRODUKSI
60.5;91.5;70.5;68.5;MESIN PRODUKSI
83;81.5;60.5;70;MESIN PRODUKSI
45.5;85.5;70.5;54.5;MESIN PRODUKSI
85.5;75.5;78;65;MESIN PRODUKSI
75.5;81.5;78;80.5;MESIN PRODUKSI
70.5;91.5;78;70.5;MESIN PRODUKSI
63;75.5;68;55;MESIN PRODUKSI
65.5;79.5;58;56.5;MESIN PRODUKSI
88;89.5;90.5;70;MESIN PRODUKSI
65.5;87.5;65.5;62.5;MESIN PRODUKSI
70.5;83.5;78;60;MESIN PRODUKSI
70.5;79.5;80.5;48.5;MESIN PRODUKSI
68;81.5;63;60;MESIN PRODUKSI
75.5;79.5;80.5;66.5;MESIN PRODUKSI
90.5;91.5;85.5;70;MESIN PRODUKSI
98;85.5;83;70.5;MESIN PRODUKSI
93;89.5;78;62.5;MESIN PRODUKSI
83;85.5;83;65;MESIN PRODUKSI
63;81.5;75.5;38.5;MESIN PRODUKSI
83;81.5;83;72.5;OTOMOTIF
90.5;93.5;95.5;68.5;OTOMOTIF
85.5;87.5;83;78.5;OTOMOTIF
85.5;83.5;83;58.5;OTOMOTIF
78;83.5;60.5;56;OTOMOTIF
63;85.5;75.5;54.5;OTOMOTIF
85.5;85.5;78;65;OTOMOTIF
90;91.5;93;84.5;OTOMOTIF
58;69.5;65.5;68.5;OTOMOTIF
90.5;91.5;85.5;70;OTOMOTIF
88;93.5;83;64.5;OTOMOTIF
80.5;77.5;68;55;OTOMOTIF
78;81.5;80.5;58.5;OTOMOTIF
85.5;89.5;70.5;45;OTOMOTIF
65.5;91.5;65.5;66.5;OTOMOTIF
60.5;77.5;70.5;77;OTOMOTIF
68;87.5;85.5;78.5;OTOMOTIF
60.5;83.5;73;48.5;OTOMOTIF
88;91.5;78;78;OTOMOTIF
73;73.5;65.5;55;OTOMOTIF
55.5;89.5;63;68.5;OTOMOTIF
73;75.5;63;58;OTOMOTIF
73;75.5;60.5;64.5;OTOMOTIF
73;75.5;50.5;66;OTOMOTIF
58;77.5;70.5;74.5;OTOMOTIF
58;77.5;68;55;OTOMOTIF
65.5;79.5;83;78.5;OTOMOTIF
88;87.5;73;56.5;OTOMOTIF
55.5;89.5;60.5;60;OTOMOTIF
58;87.5;65.5;70;OTOMOTIF
38;83.5;58;86.5;OTOMOTIF
63;79.5;75.5;56;OTOMOTIF
93;81.5;60.5;48.5;OTOMOTIF
63;83.5;75.5;44.5;OTOMOTIF
83;79.5;60.5;52.5;OTOMOTIF
83;91.5;68;68.5;OTOMOTIF
53;73.5;78;52.5;OTOMOTIF
80.5;81.5;70.5;66.5;OTOMOTIF
85.5;83.5;70.5;48.5;OTOMOTIF
73;85.5;78;38.5;OTOMOTIF
75.5;89.5;70.5;74.5;OTOMOTIF
68;83.5;68;38.5;OTOMOTIF
73;69.5;73;55;OTOMOTIF
98;93.5;80.5;56.5;OTOMOTIF
63;79.5;68;65;OTOMOTIF
83;77.5;78;56.5;OTOMOTIF
73;85.5;75.5;66.5;OTOMOTIF
98;87.5;78;70;OTOMOTIF
70.5;79.5;70.5;46.5;OTOMOTIF
58;79.5;60.5;56;OTOMOTIF
60.5;83.5;75.5;44.5;OTOMOTIF
50.5;87.5;53;56.5;OTOMOTIF
53;83.5;63;76.5;OTOMOTIF
83;79.5;68;65;OTOMOTIF
68;85.5;88;38.5;OTOMOTIF
75.5;79.5;73;54;OTOMOTIF
50.5;81.5;73;48.5;OTOMOTIF
65.5;79.5;65.5;50.5;OTOMOTIF
48;79.5;63;76;OTOMOTIF
70.5;81.5;73;52.5;OTOMOTIF
85.5;73.5;68;60.5;OTOMOTIF
78;83.5;63;46.5;OTOMOTIF
48;77.5;68;75;OTOMOTIF
80.5;73.5;78;54.5;OTOMOTIF
95.5;77.5;75.5;44.5;OTOMOTIF
65.5;89.5;70.5;58.5;OTOMOTIF
85.5;83.5;75.5;74.5;OTOMOTIF
93;97.5;70.5;68.5;OTOMOTIF
98;85.5;90.5;70.5;OTOMOTIF
70.5;79.5;68;64.5;OTOMOTIF
80.5;83.5;80.5;42.5;OTOMOTIF
70.5;85.5;68;64.5;OTOMOTIF
60.5;79.5;58;62.5;OTOMOTIF
78;83.5;60.5;50.5;OTOMOTIF
63;87.5;78;44.5;OTOMOTIF
88;79.5;73;64.5;OTOMOTIF
75.5;83.5;70.5;68.5;OTOMOTIF
80.5;85.5;65.5;42.5;OTOMOTIF
75.5;89.5;75.5;56;OTOMOTIF
90.5;89.5;93;60.5;OTOMOTIF
88;79.5;75.5;58.5;OTOMOTIF
63;81.5;58;60;OTOMOTIF
85.5;75.5;73;58.5;OTOMOTIF
63;85.5;75.5;65;OTOMOTIF
78;79.5;78;64.5;OTOMOTIF
55.5;75.5;63;56.5;OTOMOTIF
78;89.5;83;64.5;OTOMOTIF
53;79.5;58;65;OTOMOTIF
93;81.5;75.5;48.5;OTOMOTIF
85.5;79.5;83;45;OTOMOTIF
95.5;97.5;100;44.5;OTOMOTIF
68;85.5;58;55;OTOMOTIF
68;85.5;75.5;56.5;OTOMOTIF
53;71.5;70.5;50.5;OTOMOTIF
80.5;85.5;78;55;OTOMOTIF
60.5;77.5;73;52.5;OTOMOTIF
73;69.5;73;50;KOMPUTER & JARINGAN
55.5;69.5;80.5;50.5;KOMPUTER & JARINGAN
75.5;77.5;65.5;52.5;KOMPUTER & JARINGAN
83;73.5;58;50.5;KOMPUTER & JARINGAN
83;69.5;60.5;54.5;KOMPUTER & JARINGAN
78;83.5;65.5;46.5;KOMPUTER & JARINGAN
85.5;85.5;80.5;50.5;KOMPUTER & JARINGAN
63;85.5;73;70.5;KOMPUTER & JARINGAN
78;77.5;65.5;60;KOMPUTER & JARINGAN
85.5;79.5;85.5;56.5;KOMPUTER & JARINGAN
95.5;85.5;90.5;60;KOMPUTER & JARINGAN
58;79.5;55.5;54.5;KOMPUTER & JARINGAN
90.5;81.5;63;74.5;KOMPUTER & JARINGAN
63;77.5;70.5;62.5;KOMPUTER & JARINGAN
98;83.5;85.5;84.5;KOMPUTER & JARINGAN
63;73.5;70.5;38.5;KOMPUTER & JARINGAN
85.5;79.5;58;66;KOMPUTER & JARINGAN
75.5;87.5;63;66.5;KOMPUTER & JARINGAN
65.5;83.5;65.5;50;KOMPUTER & JARINGAN
60.5;89.5;53;64.5;KOMPUTER & JARINGAN
80.5;81.5;80.5;65;KOMPUTER & JARINGAN
90.5;97.5;80.5;74.5;KOMPUTER & JARINGAN
93;95.5;73;66;KOMPUTER & JARINGAN
85.5;81.5;78;42.5;KOMPUTER & JARINGAN
65.5;75.5;60.5;77;KOMPUTER & JARINGAN
63;73.5;63;62.5;KOMPUTER & JARINGAN
58;87.5;70.5;54.5;KOMPUTER & JARINGAN
58;79.5;65.5;55;KOMPUTER & JARINGAN
60.5;75.5;68;64.5;KOMPUTER & JARINGAN
78;73.5;70.5;55;KOMPUTER & JARINGAN
70.5;81.5;73;70.5;KOMPUTER & JARINGAN
88;93.5;70.5;66.5;KOMPUTER & JARINGAN
75.5;69.5;70.5;50;MULTIMEDIA
90.5;85.5;75.5;52.5;MULTIMEDIA
90.5;79.5;78;64.5;MULTIMEDIA
78;85.5;78;56.5;MULTIMEDIA
73;83.5;83;52.5;MULTIMEDIA
93;87.5;80.5;66.5;MULTIMEDIA
60.5;81.5;73;70;MULTIMEDIA
85.5;83.5;83;72.5;MULTIMEDIA
75.5;79.5;60.5;73;MULTIMEDIA
88;79.5;95.5;80.5;MULTIMEDIA
98;85.5;80.5;66;MULTIMEDIA
86;89.5;90.5;90.5;MULTIMEDIA
63;81.5;65.5;55;MULTIMEDIA
48;85.5;55.5;72.5;MULTIMEDIA
53;83.5;58;50;MULTIMEDIA
55.5;85.5;65.5;40.5;MULTIMEDIA
63;75.5;53;44.5;MULTIMEDIA
65.5;91.5;73;52.5;MULTIMEDIA
55.5;79.5;63;46.5;MULTIMEDIA
63;73.5;48;50.5;MULTIMEDIA
43;83.5;45.5;58.5;MULTIMEDIA
40.5;75.5;48;50;MULTIMEDIA
43;79.5;43;50.5;MULTIMEDIA
70.5;67.5;60.5;44.5;MULTIMEDIA
50.5;77.5;60.5;60;MULTIMEDIA
45.5;71.5;58;50;MULTIMEDIA
60.5;81.5;58;44.5;MULTIMEDIA
45.5;83.5;48;42.5;MULTIMEDIA
35.5;77.5;63;60;MULTIMEDIA
48;77.5;60.5;66.5;MULTIMEDIA
45.5;83.5;70.5;44.5;MULTIMEDIA
66;67;70;60;MULTIMEDIA
78.5;82;86.5;40;ARSITEK
63.5;82;69;58;ARSITEK
68.5;88.5;81.5;50;ARSITEK
76;80;76.5;52;ARSITEK
66;86;66.5;60;ARSITEK
96;90;89;62;ARSITEK
58.5;84.5;61.5;66;ARSITEK
71;78;74;54;ARSITEK
88.5;80;86.5;64;ARSITEK
81;81;81.5;60;ARSITEK
90.5;93;79;54;ARSITEK
48.5;75;79;69.5;ARSITEK
73.5;81;61.5;57.5;ARSITEK
71;79;61.5;53.5;ARSITEK
93.5;77;76.5;49.5;ARSITEK
88;81.5;79;65.5;ARSITEK
86.5;89;81.5;58;ARSITEK
85;61;59;54;ARSITEK
86;77.5;54;72;ARSITEK
91;83;76.5;58;ARSITEK
76;81;71.5;46;ARSITEK
96;87;84;78;ARSITEK
88.5;77;76.5;84;ARSITEK
98.5;81;76.5;70;ARSITEK
86;90.5;79;78;ARSITEK
86;93;64;52;ARSITEK
86;90.5;89;48;ARSITEK
96;87;81.5;89.5;ARSITEK
90.5;85;91.5;80;ARSITEK
93.5;89;84;91.5;ARSITEK
61;81;84;66;ARSITEK
91;85.5;89;61;ARSITEK
86;85;56.5;63.5;ARSITEK
76;87;59;56;ARSITEK
78.5;91;76.5;66;ARSITEK
73.5;83;66.5;46;ARSITEK
81;79;81.5;67.5;ARSITEK
53.5;75;61.5;66;ARSITEK
88.5;85;74;51.5;ARSITEK
76;85.5;76.5;63.5;ARSITEK
63.5;89;86.5;61;ARSITEK
56;79.5;69;51.5;ARSITEK
68.5;79;74;56;ARSITEK
66;83;69;49.5;ARSITEK
76;75;71.5;55;ARSITEK
88.5;93;81.5;55.5;ARSITEK
76;85.5;69;69;ARSITEK
73.5;85;59;53.5;ARSITEK
68.5;75;66.5;55.5;ARSITEK
51;86.5;56.5;56;ARSITEK
58.5;83;71.5;55;ARSITEK
96;86.5;91.5;71;ARSITEK
76;75;66.5;43.5;ARSITEK
61;79;71.5;47;ARSITEK
58.5;80.5;71.5;45.5;ARSITEK
86;77;86.5;65.5;ARSITEK
88.5;80.5;71.5;73.5;ARSITEK
66;83;66.5;47;ARSITEK
81;91;81.5;67.5;ARSITEK
68.5;71;76.5;45.5;ARSITEK
80;81;66.5;51.5;ARSITEK
88.5;93;76.5;55;ARSITEK
91;91;89;67.5;ARSITEK
98.5;89;91.5;79;ARSITEK
98.5;95;91.5;73.5;TEKNIK SIPIL
91;90.5;84;76;TEKNIK SIPIL
81;87;74;59.5;TEKNIK SIPIL
81;79;66.5;40;TEKNIK SIPIL
78.5;70.5;71.5;63.5;TEKNIK SIPIL
68.5;85;69;57;TEKNIK SIPIL
78.5;79;79;48;TEKNIK SIPIL
73.5;85;84;47;TEKNIK SIPIL
73.5;85.5;84;69.5;TEKNIK SIPIL
71;85;71.5;55;TEKNIK SIPIL
93.5;89;71.5;47;TEKNIK SIPIL
96;85.5;84;55.5;TEKNIK SIPIL
88.5;87;74;45.5;TEKNIK SIPIL
88;85;84;59.5;TEKNIK SIPIL
86.5;83;91.5;89.5;TEKNIK SIPIL
93.5;93;81.5;57;TEKNIK SIPIL
90;79;71.5;49.5;TEKNIK SIPIL
91;79;79;45.5;TEKNIK SIPIL
76;73;64;79;TEKNIK SIPIL
73.5;88.5;66.5;47.5;TEKNIK SIPIL
58.5;81;79;59.5;TEKNIK SIPIL
76;77;61.5;56;TEKNIK SIPIL
61;79;74;53.5;TEKNIK SIPIL
66;75.5;64;53.5;TEKNIK SIPIL
86;83;69;56;TEKNIK SIPIL
83.5;79;79;53.5;TEKNIK SIPIL
46;85;46.5;69;TEKNIK SIPIL
91;83;79;53.5;TEKNIK SIPIL
88.5;81;76.5;49;TEKNIK SIPIL
48.5;83;66.5;51.5;TEKNIK SIPIL
81;79;79;67;TEKNIK SIPIL
80.5;90.5;81.5;59.5;TEKNIK SIPIL
96;87;81.5;65.5;LISTRIK
68.5;89;61.5;46;LISTRIK
83.5;87;86.5;71.5;LISTRIK
73.5;81.5;74;57.5;LISTRIK
51;87;61.5;47;LISTRIK
86;87;86.5;77.5;LISTRIK
83.5;91;59;49;LISTRIK
91;81;81.5;67.5;LISTRIK
88.5;81;79;49;LISTRIK
58.5;79;54;69.5;LISTRIK
61;81;56.5;65.5;LISTRIK
73.5;85.5;59;51;LISTRIK
76;79;76.5;55.5;LISTRIK
63.5;87;69;66;LISTRIK
63.5;89;74;85.5;LISTRIK
88.5;89;84.5;71;LISTRIK
81;85.5;79;59.5;LISTRIK
66;83;66.5;66;LISTRIK
71;83;71.5;63.5;LISTRIK
91;80.5;74;66;LISTRIK
76;85;79;73.5;LISTRIK
76;89;76.5;75.5;LISTRIK
81;85;66.5;61.5;LISTRIK
91;79.5;79;55.5;LISTRIK
83.5;79;81.5;56;LISTRIK
91;91;81.5;45.5;LISTRIK
63.5;81;79;45;LISTRIK
66;90.5;74;41.5;LISTRIK
66;85;61.5;66;LISTRIK
73.5;77;66.5;51.5;LISTRIK
81;91;71.5;56;LISTRIK
48.5;73.5;61.5;65.5;LISTRIK
88.5;81;74;51;LISTRIK
88.5;83;86.5;47.5;LISTRIK
91;87;79;51.5;LISTRIK
61;70.5;71.5;57;LISTRIK
71;79;69;49.5;LISTRIK
46;89;51.5;53.5;LISTRIK
76;69;64;64;LISTRIK
63.5;83;54;53.5;LISTRIK
83.5;81;51.5;66;LISTRIK
61;77.5;64;59.5;LISTRIK
73.5;83;66.5;56;LISTRIK
86;85;84;63.5;LISTRIK
61;85;79;56;LISTRIK
76;83;84;45.5;LISTRIK
76;90.5;81.5;51.5;LISTRIK
61;81;79;66;LISTRIK
98.5;91;86.5;65.5;LISTRIK
88.5;89;84;69;LISTRIK
86;83.5;86.5;55.5;LISTRIK
71;93;81.5;66;LISTRIK
73.5;79;79;61.5;LISTRIK
98.5;89;96.5;66;LISTRIK
63.5;85.5;61.5;55.5;LISTRIK
78.5;79;69;56;LISTRIK
61;89;54;53.5;LISTRIK
68.5;81.5;69;57;LISTRIK
78.5;75;69;53.5;LISTRIK
61;80.5;69;69;LISTRIK
61;81;61.5;51.5;LISTRIK
83.5;81;56.5;69;LISTRIK
56;83;69;61;LISTRIK
86;79;76.5;59.5;LISTRIK
81;89;74;67;ELEKTRONIKA
58.5;83;59;47.5;ELEKTRONIKA
86;81;66.5;71;ELEKTRONIKA
88.5;85;54;65.5;ELEKTRONIKA
51;88.5;69;61;ELEKTRONIKA
53.5;85;59;63.5;ELEKTRONIKA
76;81;64;56;ELEKTRONIKA
76;91;76.5;59.5;ELEKTRONIKA
93.5;83.5;69;66;ELEKTRONIKA
68.5;89;69;63.5;ELEKTRONIKA
85;85;51.5;56;ELEKTRONIKA
88.5;79;64;51.5;ELEKTRONIKA
93.5;87;76.5;71;ELEKTRONIKA
45;80.5;51.5;65.5;ELEKTRONIKA
53.5;79;59;56;ELEKTRONIKA
51;87;39;69.5;ELEKTRONIKA
53.5;91;76.5;71.5;ELEKTRONIKA
71;70.5;76.5;56;ELEKTRONIKA
88.5;83;84;51;ELEKTRONIKA
88.5;77;71.5;61.5;ELEKTRONIKA
78.5;83;79;56;ELEKTRONIKA
81;79;61.5;45.5;ELEKTRONIKA
78.5;87.5;76.5;45;ELEKTRONIKA
66;85;61.5;45.5;ELEKTRONIKA
63.5;77;71.5;61.5;ELEKTRONIKA
78.5;81;74;57;ELEKTRONIKA
53.5;83;64;57.5;ELEKTRONIKA
33.5;75;51.5;61;ELEKTRONIKA
96;79;71.5;53.5;ELEKTRONIKA
56;85;76.5;51;ELEKTRONIKA
83.5;93;76.5;69.5;ELEKTRONIKA
66;70.5;64;56;ELEKTRONIKA
86;87;79;61.5;LAS
53.5;79;66.5;51.5;LAS
91;75;76.5;76;LAS
93.5;88.5;81.5;56;LAS
96;85;81.5;75.5;LAS
88.5;83;76.5;61;LAS
81;73;54;51;LAS
71;79;56.5;39.5;LAS
56;85.5;66.5;56;LAS
96;87;64;75.5;LAS
91;84;64;55;LAS
96;84;86.5;67.5;LAS
63.5;72.5;64;51;LAS
86;84;64;67.5;LAS
66;76;66.5;49.5;LAS
83.5;78;59;56;LAS
48.5;84;71.5;57.5;LAS
96;76;84;67;LAS
71;72;69;47.5;LAS
91;78;66.5;57;LAS
86;68.5;71.5;56;LAS
63.5;78;69;63.5;LAS
51;82;66.5;61;LAS
53.5;80;71.5;55.5;LAS
76;82;69;56;LAS
81;80;64;51;LAS
90;85.5;84;61;LAS
96;88;79;89.5;LAS
76;78;64;61;LAS
98.5;84;91.5;65.5;LAS
88.5;92;89;56;LAS
90.5;80;69;46;LAS
81;78.5;69;57;MESIN PRODUKSI
86;80;86.5;59.5;MESIN PRODUKSI
83.5;82;79;67.5;MESIN PRODUKSI
71;88;69;67;MESIN PRODUKSI
78.5;81.5;79;56;MESIN PRODUKSI
90.5;87;84;66;MESIN PRODUKSI
83.5;81;71.5;51;MESIN PRODUKSI
53.5;75.5;54;71;MESIN PRODUKSI
76;89;76.5;71;MESIN PRODUKSI
61;81;76.5;81.5;MESIN PRODUKSI
88.5;87;69;55;MESIN PRODUKSI
71;83;64;59.5;MESIN PRODUKSI
76;87;74;66;MESIN PRODUKSI
58.5;83;59;61;MESIN PRODUKSI
61;87;56.5;57.5;MESIN PRODUKSI
83.5;87;81.5;71;MESIN PRODUKSI
78.5;87;71.5;71.5;MESIN PRODUKSI
41;81.5;64;61;MESIN PRODUKSI
73.5;89;61.5;55;MESIN PRODUKSI
68.5;80.5;84;56;MESIN PRODUKSI
63.5;81;71.5;51.5;MESIN PRODUKSI
56;71;71.5;80;MESIN PRODUKSI
78.5;89;66.5;66;MESIN PRODUKSI
91;77;66.5;67.5;MESIN PRODUKSI
76;75.5;56.5;51;MESIN PRODUKSI
73.5;81;61.5;47.5;MESIN PRODUKSI
86;85;64;66;MESIN PRODUKSI
61;89;71.5;55.5;MESIN PRODUKSI
96;83.5;74;67;MESIN PRODUKSI
58.5;75;56.5;55.5;MESIN PRODUKSI
68.5;85;56.5;60;MESIN PRODUKSI
58.5;87;59;67;MESIN PRODUKSI
56;88.5;51.5;61.5;MESIN PRODUKSI
91;79;76.5;65.5;MESIN PRODUKSI
63.5;89;66.5;51;MESIN PRODUKSI
56;75;74;77.5;MESIN PRODUKSI
56;83.5;54;56;MESIN PRODUKSI
66;83;49;61.5;MESIN PRODUKSI
58.5;75;69;61;MESIN PRODUKSI
55;87.5;61.5;51.5;MESIN PRODUKSI
58.5;85;71.5;71;MESIN PRODUKSI
61;81;61.5;51.5;MESIN PRODUKSI
61;87.5;71.5;67;MESIN PRODUKSI
83.5;91;79;73.5;MESIN PRODUKSI
65;85;76.5;69;MESIN PRODUKSI
90.5;83;94;65.5;MESIN PRODUKSI
90;80.5;84;76;MESIN PRODUKSI
86;81;64;70;MESIN PRODUKSI
93.5;77;81.5;66;MESIN PRODUKSI
68;75.5;61.5;70;MESIN PRODUKSI
73.5;73;64;49.5;MESIN PRODUKSI
81;81;66.5;56;MESIN PRODUKSI
61;77.5;76.5;57;MESIN PRODUKSI
43.5;79;64;77.5;MESIN PRODUKSI
88.5;79.5;91.5;67;MESIN PRODUKSI
96;81;81.5;49.5;MESIN PRODUKSI
68.5;79;64;51;MESIN PRODUKSI
66;80;54;75.5;MESIN PRODUKSI
68.5;91;81.5;69;MESIN PRODUKSI
61;89;71.5;37.5;MESIN PRODUKSI
93.5;87;84;69;MESIN PRODUKSI
73.5;81;56.5;49.5;MESIN PRODUKSI
68.5;85.5;74;46;MESIN PRODUKSI
56;83;71.5;53.5;MESIN PRODUKSI
66;91;71.5;57;MESIN PRODUKSI
86;85;86.5;37.5;MESIN PRODUKSI
66;83;74;35.5;MESIN PRODUKSI
56;90;71.5;45;MESIN PRODUKSI
98.5;79;66.5;63.5;MESIN PRODUKSI
56;88.5;59;55;MESIN PRODUKSI
81;93;79;67;MESIN PRODUKSI
86.5;85.5;81.5;55.5;MESIN PRODUKSI
76;81;61.5;51;MESIN PRODUKSI
63.5;87;79;66;MESIN PRODUKSI
46;80;69;70;MESIN PRODUKSI
61;77;69;66;MESIN PRODUKSI
53.5;95;71.5;53.5;MESIN PRODUKSI
61;90;69;70;MESIN PRODUKSI
83.5;85.5;59;71;MESIN PRODUKSI
46;85;69;55.5;MESIN PRODUKSI
86;75;76.5;66;MESIN PRODUKSI
76;80.5;76.5;81.5;MESIN PRODUKSI
71;88.5;76.5;71.5;MESIN PRODUKSI
63.5;75;66.5;56;MESIN PRODUKSI
66;80.5;56.5;57.5;MESIN PRODUKSI
88.5;89;89;71;MESIN PRODUKSI
66;85.5;64;63.5;MESIN PRODUKSI
71;83;76.5;61;MESIN PRODUKSI
71;80.5;79;49.5;MESIN PRODUKSI
68.5;81;61.5;61;MESIN PRODUKSI
76;80.5;79;67.5;MESIN PRODUKSI
91;90.5;84;71;MESIN PRODUKSI
90;85;81.5;71.5;MESIN PRODUKSI
93.5;88.5;76.5;63.5;MESIN PRODUKSI
83.5;85;81.5;66;MESIN PRODUKSI
75;81.5;74;39.5;MESIN PRODUKSI
83.5;81;81.5;73.5;OTOMOTIF
91;93.5;94;69.5;OTOMOTIF
86;87;81.5;79.5;OTOMOTIF
86;83.5;81.5;59.5;OTOMOTIF
78.5;83;59;57;OTOMOTIF
63.5;85.5;74;55.5;OTOMOTIF
86;85;76.5;66;OTOMOTIF
90.5;90.5;91.5;85.5;OTOMOTIF
58.5;69;64;69.5;OTOMOTIF
91;90.5;84;71;OTOMOTIF
88.5;93;81.5;65.5;OTOMOTIF
81;77;66.5;56;OTOMOTIF
78.5;80.5;79;59.5;OTOMOTIF
86;89;69;46;OTOMOTIF
66;91;64;67.5;OTOMOTIF
61;77;69;78;OTOMOTIF
68.5;87;84;79.5;OTOMOTIF
61;83;71.5;49.5;OTOMOTIF
88.5;91;76.5;79;OTOMOTIF
76;73;64;56;OTOMOTIF
56;89;61.5;69.5;OTOMOTIF
73.5;75;61.5;59;OTOMOTIF
75;75;59;65.5;OTOMOTIF
73.5;75;49;67;OTOMOTIF
58.5;77;69;75.5;OTOMOTIF
75;77;66.5;56;OTOMOTIF
66;79;81.5;79.5;OTOMOTIF
88.5;87;71.5;57.5;OTOMOTIF
56;89;59;61;OTOMOTIF
58.5;87;64;71;OTOMOTIF
40;83;56.5;87.5;OTOMOTIF
65;79;74;57;OTOMOTIF
93.5;81;59;49.5;OTOMOTIF
65;83;74;45.5;OTOMOTIF
85;79;59;54;OTOMOTIF
83.5;91;66.5;69.5;OTOMOTIF
55;73;76.5;53;OTOMOTIF
81;81;69;68;OTOMOTIF
86;83;69;49.5;OTOMOTIF
73.5;85.5;76.5;45;OTOMOTIF
76;89;69;75.5;OTOMOTIF
68.5;83;66.5;45;OTOMOTIF
73.5;70.5;71.5;56;OTOMOTIF
98.5;93;79;57.5;OTOMOTIF
63.5;79.5;66.5;66;OTOMOTIF
83.5;77;76.5;57.5;OTOMOTIF
73.5;85.5;74;67.5;OTOMOTIF
98.5;87;76.5;71;OTOMOTIF
71;79.5;69;47.5;OTOMOTIF
58.5;79;59;57;OTOMOTIF
61;83.5;74;45.5;OTOMOTIF
51;87;51.5;57.5;OTOMOTIF
53.5;83.5;61.5;77.5;OTOMOTIF
83.5;79;66.5;66;OTOMOTIF
68.5;85;86.5;39.5;OTOMOTIF
76;79.5;71.5;55;OTOMOTIF
51;81;71.5;49.5;OTOMOTIF
66;79;64;51.5;OTOMOTIF
48.5;79.5;61.5;77;OTOMOTIF
71;81;71.5;53.5;OTOMOTIF
86;73.5;66.5;61.5;OTOMOTIF
78.5;83;61.5;47.5;OTOMOTIF
48.5;77;66.5;76;OTOMOTIF
81;72.2;76.5;55.5;OTOMOTIF
96;76.2;74;45.5;OTOMOTIF
66;88.2;69;59.5;OTOMOTIF
86;82.2;74;75.5;OTOMOTIF
93.5;96.2;69;70;OTOMOTIF
98.5;84.2;89;71.5;OTOMOTIF
71;79;66.5;65.5;OTOMOTIF
81;83;79;44;OTOMOTIF
71;85;66.5;65.5;OTOMOTIF
61;79;56.5;65;OTOMOTIF
78.5;83;59;51.5;OTOMOTIF
63;87;76.5;45;OTOMOTIF
88.5;79;71.5;65.5;OTOMOTIF
76;83;69;70;OTOMOTIF
81;85;64;43.5;OTOMOTIF
76;89;74;57;OTOMOTIF
91;89;91.5;61.5;OTOMOTIF
88.5;79;74;59.5;OTOMOTIF
63.5;81;56.5;61;OTOMOTIF
86;75;71.5;59.5;OTOMOTIF
63.5;85;74;66;OTOMOTIF
78.5;79;76.5;65.5;OTOMOTIF
56;75;61.5;57.5;OTOMOTIF
78.5;90.5;81.5;65.5;OTOMOTIF
53.5;79;56.5;66;OTOMOTIF
93;81;74;49.5;OTOMOTIF
86;79;81.5;46;OTOMOTIF
96;88.5;99;45.5;OTOMOTIF
68.5;85;56.5;56;OTOMOTIF
70;85;74;57.5;OTOMOTIF
53.5;71;69;51.5;OTOMOTIF
81;85;76.5;56;OTOMOTIF
61;77;71.5;53.5;OTOMOTIF
73.5;70.5;71.5;51;KOMPUTER & JARINGAN
56;69;79;51.5;KOMPUTER & JARINGAN
76;77;64;53.5;KOMPUTER & JARINGAN
83.5;73;56.5;51.5;KOMPUTER & JARINGAN
83;69;59;55.5;KOMPUTER & JARINGAN
78.5;83;64;47.5;KOMPUTER & JARINGAN
86;85;79;51.5;KOMPUTER & JARINGAN
80;85.5;71.5;71.5;KOMPUTER & JARINGAN
78.5;77;64;61;KOMPUTER & JARINGAN
86;79;84;57.5;KOMPUTER & JARINGAN
96;85;89;61;KOMPUTER & JARINGAN
58.5;79;54;55.5;KOMPUTER & JARINGAN
91;81.5;61.5;75.5;KOMPUTER & JARINGAN
60;77;69;63.5;KOMPUTER & JARINGAN
98.5;83;84;85.5;KOMPUTER & JARINGAN
65;73;69;39.5;KOMPUTER & JARINGAN
86;79.5;56.5;67;KOMPUTER & JARINGAN
76;87;61.5;67.5;KOMPUTER & JARINGAN
66;83;64;51;KOMPUTER & JARINGAN
61;89;51.5;65.5;KOMPUTER & JARINGAN
81;81;79;66;KOMPUTER & JARINGAN
91;88.5;79;75.5;KOMPUTER & JARINGAN
93.5;95;71.5;67;KOMPUTER & JARINGAN
86;81;76.5;43.5;KOMPUTER & JARINGAN
66;75;59;78;KOMPUTER & JARINGAN
63.5;73;61.5;63.5;KOMPUTER & JARINGAN
58.5;87;69;55.5;KOMPUTER & JARINGAN
58.5;79.5;64;56;KOMPUTER & JARINGAN
61;75;66.5;65.5;KOMPUTER & JARINGAN
78.5;73;69;56;KOMPUTER & JARINGAN
71;81;71.5;71.5;KOMPUTER & JARINGAN
88.5;93.5;69;67.5;KOMPUTER & JARINGAN
76;69;69;51;MULTIMEDIA
91;85;74;53.5;MULTIMEDIA
91;79;76.5;65.5;MULTIMEDIA
78.5;85.5;76.5;57.5;MULTIMEDIA
73;83;81.5;53.5;MULTIMEDIA
93.5;87;79;67.5;MULTIMEDIA
61;81;71.5;71;MULTIMEDIA
86;83;81.5;73.5;MULTIMEDIA
76;80.5;59;74;MULTIMEDIA
88.5;79;94;81.5;MULTIMEDIA
86;85;79;67;MULTIMEDIA
88;89;89;91.5;MULTIMEDIA
63.5;81.5;64;56;MULTIMEDIA
48;85;54;73.5;MULTIMEDIA
53.5;83;56.5;51;MULTIMEDIA
56;85;64;45.5;MULTIMEDIA
63.5;75.5;51.5;66;MULTIMEDIA
66;91;71.5;55;MULTIMEDIA
56;79;61.5;48.5;MULTIMEDIA
63.5;73;46.5;55;MULTIMEDIA
43;83;44;60;MULTIMEDIA
41;75;46.5;55.5;MULTIMEDIA
43.5;79.5;41.5;55;MULTIMEDIA
71;67;59;46;MULTIMEDIA
51;77;59;56;MULTIMEDIA
46;71.5;56.5;56;MULTIMEDIA
61;81;56.5;55;MULTIMEDIA
46;83;46.5;54;MULTIMEDIA
36;77.5;61.5;66.5;MULTIMEDIA
48.5;77;59;68.5;MULTIMEDIA
46;83;69;46;MULTIMEDIA
77.5;82;87.5;38;ARSITEK
62.5;82;70;56;ARSITEK
67.5;88;82.5;48;ARSITEK
75;80;77.5;50;ARSITEK
65;86;67.5;58;ARSITEK
95;90;90;60;ARSITEK
57.5;84;62.5;64;ARSITEK
70;78;75;52;ARSITEK
87.5;80;87.5;62;ARSITEK
80;82;82.5;58;ARSITEK
95;94;80;52;ARSITEK
47.5;76;80;68;ARSITEK
72.5;82;62.5;56;ARSITEK
70;80;62.5;52;ARSITEK
92.5;78;77.5;48;ARSITEK
87.5;82;80;64;ARSITEK
100;90;82.5;56;ARSITEK
87.5;62;60;52;ARSITEK
85;78;55;70;ARSITEK
90;84;77.5;56;ARSITEK
75;82;72.5;44;ARSITEK
95;88;85;76;ARSITEK
87.5;78;77.5;82;ARSITEK
97.5;82;77.5;68;ARSITEK
85;92;80;76;ARSITEK
85;94;65;50;ARSITEK
85;92;90;46;ARSITEK
95;88;82.5;88;ARSITEK
100;88;92.5;80;ARSITEK
92.5;90;85;90;ARSITEK
60;82;85;54;ARSITEK
90;86;90;54;ARSITEK
85;86;57.5;62;ARSITEK
75;88;60;52;ARSITEK
77.5;92;77.5;64;ARSITEK
72.5;84;67.5;44;ARSITEK
80;80;82.5;66;ARSITEK
52.5;76;62.5;66;ARSITEK
87.5;86;75;50;ARSITEK
75;88;77.5;62;ARSITEK
62.5;90;87.5;54;ARSITEK
55;80;70;50;ARSITEK
67.5;80;75;48;ARSITEK
65;84;70;48;ARSITEK
75;76;72.5;42;ARSITEK
87.5;94;82.5;54;ARSITEK
75;92;70;68;ARSITEK
72.5;86;60;52;ARSITEK
67.5;76;67.5;54;ARSITEK
50;90;57.5;52;ARSITEK
57.5;84;72.5;44;ARSITEK
95;88;92.5;60;ARSITEK
75;76;67.5;42;ARSITEK
60;80;72.5;46;ARSITEK
57.5;80;72.5;44;ARSITEK
85;78;87.5;64;ARSITEK
87.5;82;72.5;72;ARSITEK
65;84;67.5;46;ARSITEK
80;92;82.5;66;ARSITEK
67.5;72;77.5;44;ARSITEK
87.5;82;67.5;50;ARSITEK
87.5;94;77.5;54;ARSITEK
90;92;90;66;ARSITEK
97.5;90;92.5;78;ARSITEK
97.5;96;92.5;72;TEKNIK SIPIL
90;90;85;74;TEKNIK SIPIL
80;88;75;58;TEKNIK SIPIL
80;80;67.5;40;TEKNIK SIPIL
77.5;76;72.5;62;TEKNIK SIPIL
67.5;86;70;56;TEKNIK SIPIL
77.5;80;80;46;TEKNIK SIPIL
72.5;86;85;46;TEKNIK SIPIL
72.5;88;85;68;TEKNIK SIPIL
70;86;72.5;46;TEKNIK SIPIL
92.5;90;72.5;46;TEKNIK SIPIL
95;94;85;54;TEKNIK SIPIL
87.5;88;75;44;TEKNIK SIPIL
87.5;86;85;58;TEKNIK SIPIL
100;84;92.5;88;TEKNIK SIPIL
92.5;94;82.5;56;TEKNIK SIPIL
92.5;80;72.5;48;TEKNIK SIPIL
90;80;80;44;TEKNIK SIPIL
75;74;65;78;TEKNIK SIPIL
72.5;88;67.5;46;TEKNIK SIPIL
57.5;82;80;58;TEKNIK SIPIL
75;78;62.5;54;TEKNIK SIPIL
60;80;75;52;TEKNIK SIPIL
65;76;65;52;TEKNIK SIPIL
85;84;70;54;TEKNIK SIPIL
82.5;80;80;52;TEKNIK SIPIL
45;86;47.5;68;TEKNIK SIPIL
90;84;80;52;TEKNIK SIPIL
87.5;82;77.5;38;TEKNIK SIPIL
47.5;84;67.5;50;TEKNIK SIPIL
80;80;80;60;TEKNIK SIPIL
80;90;82.5;58;TEKNIK SIPIL
95;88;82.5;64;LISTRIK
67.5;90;62.5;40;LISTRIK
82.5;88;87.5;70;LISTRIK
72.5;82;75;56;LISTRIK
50;88;62.5;46;LISTRIK
85;88;87.5;76;LISTRIK
82.5;92;60;46;LISTRIK
90;82;82.5;66;LISTRIK
87.5;82;80;48;LISTRIK
57.5;80;55;68;LISTRIK
60;82;57.5;64;LISTRIK
72.5;86;60;48;LISTRIK
75;80;77.5;54;LISTRIK
62.5;88;70;62;LISTRIK
62.5;90;75;84;LISTRIK
100;90;100;52;LISTRIK
80;84;80;58;LISTRIK
65;84;67.5;60;LISTRIK
70;84;72.5;62;LISTRIK
90;84;75;64;LISTRIK
75;86;80;72;LISTRIK
75;90;77.5;74;LISTRIK
80;86;67.5;60;LISTRIK
90;80;80;54;LISTRIK
82.5;80;82.5;36;LISTRIK
90;92;82.5;44;LISTRIK
62.5;82;80;44;LISTRIK
65;94;75;40;LISTRIK
65;86;62.5;60;LISTRIK
72.5;78;67.5;50;LISTRIK
80;92;72.5;52;LISTRIK
47.5;74;62.5;64;LISTRIK
87.5;82;75;48;LISTRIK
87.5;84;87.5;46;LISTRIK
90;88;80;50;LISTRIK
60;70;72.5;56;LISTRIK
70;80;70;48;LISTRIK
45;90;52.5;52;LISTRIK
75;70;65;62;LISTRIK
62.5;84;55;52;LISTRIK
82.5;82;52.5;62;LISTRIK
60;78;65;58;LISTRIK
72.5;84;67.5;52;LISTRIK
85;86;85;62;LISTRIK
60;86;80;50;LISTRIK
75;84;85;44;LISTRIK
75;96;82.5;50;LISTRIK
60;82;80;62;LISTRIK
97.5;92;87.5;64;LISTRIK
87.5;90;85;58;LISTRIK
85;84;87.5;54;LISTRIK
70;94;82.5;64;LISTRIK
72.5;80;80;60;LISTRIK
97.5;90;97.5;64;LISTRIK
62.5;86;62.5;54;LISTRIK
77.5;80;70;54;LISTRIK
60;90;55;52;LISTRIK
67.5;82;70;54;LISTRIK
77.5;76;70;52;LISTRIK
60;82;70;56;LISTRIK
60;82;62.5;50;LISTRIK
82.5;82;57.5;66;LISTRIK
55;84;70;56;LISTRIK
85;80;77.5;58;LISTRIK
80;90;75;56;ELEKTRONIKA
57.5;84;60;46;ELEKTRONIKA
85;82;67.5;46;ELEKTRONIKA
87.5;86;55;64;ELEKTRONIKA
50;90;70;62;ELEKTRONIKA
52.5;86;60;62;ELEKTRONIKA
75;82;65;52;ELEKTRONIKA
75;92;77.5;58;ELEKTRONIKA
92.5;84;70;64;ELEKTRONIKA
67.5;90;70;62;ELEKTRONIKA
82.5;86;52.5;54;ELEKTRONIKA
87.5;80;65;50;ELEKTRONIKA
92.5;88;77.5;72;ELEKTRONIKA
47.5;80;52.5;64;ELEKTRONIKA
52.5;80;60;56;ELEKTRONIKA
50;88;40;68;ELEKTRONIKA
52.5;92;77.5;70;ELEKTRONIKA
70;72;77.5;46;ELEKTRONIKA
87.5;84;85;56;ELEKTRONIKA
87.5;78;72.5;60;ELEKTRONIKA
77.5;84;80;50;ELEKTRONIKA
80;80;62.5;44;ELEKTRONIKA
77.5;88;77.5;44;ELEKTRONIKA
65;86;62.5;44;ELEKTRONIKA
62.5;78;72.5;60;ELEKTRONIKA
77.5;82;75;44;ELEKTRONIKA
52.5;84;65;56;ELEKTRONIKA
32.5;76;52.5;46;ELEKTRONIKA
95;80;72.5;52;ELEKTRONIKA
55;86;77.5;44;ELEKTRONIKA
82.5;94;77.5;68;ELEKTRONIKA
65;72;65;40;ELEKTRONIKA
85;88;80;60;LAS
52.5;80;67.5;50;LAS
90;76;77.5;74;LAS
92.5;88;82.5;52;LAS
95;86;82.5;74;LAS
87.5;84;77.5;56;LAS
80;74;55;36;LAS
70;80;57.5;38;LAS
55;86;67.5;54;LAS
95;88;65;74;LAS
90;86;65;48;LAS
95;86;87.5;66;LAS
62.5;74;65;46;LAS
85;86;65;66;LAS
65;78;67.5;48;LAS
82.5;80;60;52;LAS
47.5;86;72.5;56;LAS
95;78;85;46;LAS
70;74;70;46;LAS
90;80;67.5;48;LAS
85;70;72.5;38;LAS
62.5;80;70;62;LAS
50;84;67.5;58;LAS
52.5;82;72.5;54;LAS
75;84;70;36;LAS
80;82;65;44;LAS
100;86;85;46;LAS
95;90;80;88;LAS
75;80;65;58;LAS
97.5;86;92.5;64;LAS
87.5;94;90;54;LAS
95;82;70;42;LAS
80;80;70;48;MESIN PRODUKSI
85;82;87.5;58;MESIN PRODUKSI
82.5;84;80;66;MESIN PRODUKSI
70;90;70;62;MESIN PRODUKSI
77.5;82;80;46;MESIN PRODUKSI
100;88;85;64;MESIN PRODUKSI
82.5;82;72.5;52;MESIN PRODUKSI
52.5;76;55;68;MESIN PRODUKSI
75;90;77.5;60;MESIN PRODUKSI
60;82;77.5;80;MESIN PRODUKSI
87.5;88;70;52;MESIN PRODUKSI
70;84;65;58;MESIN PRODUKSI
75;88;75;52;MESIN PRODUKSI
57.5;84;60;46;MESIN PRODUKSI
60;88;57.5;56;MESIN PRODUKSI
82.5;88;82.5;56;MESIN PRODUKSI
77.5;88;72.5;70;MESIN PRODUKSI
40;82;65;58;MESIN PRODUKSI
72.5;90;62.5;48;MESIN PRODUKSI
67.5;80;85;50;MESIN PRODUKSI
62.5;82;72.5;50;MESIN PRODUKSI
55;72;72.5;78;MESIN PRODUKSI
77.5;90;67.5;60;MESIN PRODUKSI
90;78;67.5;66;MESIN PRODUKSI
75;78;57.5;38;MESIN PRODUKSI
72.5;82;62.5;46;MESIN PRODUKSI
85;86;65;64;MESIN PRODUKSI
60;90;72.5;54;MESIN PRODUKSI
95;84;75;56;MESIN PRODUKSI
57.5;76;57.5;54;MESIN PRODUKSI
67.5;86;57.5;54;MESIN PRODUKSI
57.5;88;60;58;MESIN PRODUKSI
55;88;52.5;60;MESIN PRODUKSI
90;80;77.5;64;MESIN PRODUKSI
62.5;90;67.5;46;MESIN PRODUKSI
55;76;75;76;MESIN PRODUKSI
55;84;55;54;MESIN PRODUKSI
65;84;50;60;MESIN PRODUKSI
57.5;76;70;54;MESIN PRODUKSI
52.5;88;62.5;50;MESIN PRODUKSI
57.5;86;72.5;42;MESIN PRODUKSI
60;82;62.5;50;MESIN PRODUKSI
60;88;72.5;60;MESIN PRODUKSI
82.5;92;80;72;MESIN PRODUKSI
72.5;86;77.5;60;MESIN PRODUKSI
97.5;84;95;64;MESIN PRODUKSI
97.5;80;85;70;MESIN PRODUKSI
87.5;82;65;68;MESIN PRODUKSI
92.5;78;82.5;62;MESIN PRODUKSI
67.5;76;62.5;68;MESIN PRODUKSI
72.5;74;65;48;MESIN PRODUKSI
80;82;67.5;50;MESIN PRODUKSI
60;78;77.5;52;MESIN PRODUKSI
42.5;80;65;76;MESIN PRODUKSI
87.5;80;92.5;56;MESIN PRODUKSI
95;82;82.5;48;MESIN PRODUKSI
67.5;80;65;44;MESIN PRODUKSI
65;80;55;74;MESIN PRODUKSI
67.5;92;82.5;68;MESIN PRODUKSI
60;90;72.5;36;MESIN PRODUKSI
92.5;88;85;62;MESIN PRODUKSI
72.5;82;57.5;48;MESIN PRODUKSI
67.5;84;75;32;MESIN PRODUKSI
55;84;72.5;52;MESIN PRODUKSI
65;92;72.5;56;MESIN PRODUKSI
85;86;87.5;36;MESIN PRODUKSI
65;84;75;34;MESIN PRODUKSI
55;90;72.5;46;MESIN PRODUKSI
97.5;80;67.5;62;MESIN PRODUKSI
55;90;60;50;MESIN PRODUKSI
80;94;80;66;MESIN PRODUKSI
100;88;82.5;54;MESIN PRODUKSI
75;82;62.5;36;MESIN PRODUKSI
62.5;88;80;64;MESIN PRODUKSI
45;80;70;68;MESIN PRODUKSI
60;78;70;50;MESIN PRODUKSI
52.5;92;72.5;52;MESIN PRODUKSI
60;92;70;68;MESIN PRODUKSI
82.5;82;60;66;MESIN PRODUKSI
45;86;70;54;MESIN PRODUKSI
85;76;77.5;60;MESIN PRODUKSI
75;82;77.5;80;MESIN PRODUKSI
70;92;77.5;70;MESIN PRODUKSI
62.5;76;67.5;46;MESIN PRODUKSI
65;80;57.5;56;MESIN PRODUKSI
87.5;90;90;66;MESIN PRODUKSI
65;88;65;62;MESIN PRODUKSI
70;84;77.5;50;MESIN PRODUKSI
70;80;80;48;MESIN PRODUKSI
67.5;82;62.5;58;MESIN PRODUKSI
75;80;80;66;MESIN PRODUKSI
90;92;85;68;MESIN PRODUKSI
97.5;86;82.5;70;MESIN PRODUKSI
92.5;90;77.5;62;MESIN PRODUKSI
82.5;86;82.5;64;MESIN PRODUKSI
62.5;82;75;38;MESIN PRODUKSI
82.5;82;82.5;72;OTOMOTIF
90;94;95;68;OTOMOTIF
85;88;82.5;78;OTOMOTIF
85;84;82.5;58;OTOMOTIF
77.5;84;60;56;OTOMOTIF
62.5;86;75;54;OTOMOTIF
85;86;77.5;64;OTOMOTIF
100;92;92.5;84;OTOMOTIF
57.5;70;65;68;OTOMOTIF
90;92;85;70;OTOMOTIF
87.5;94;82.5;64;OTOMOTIF
80;78;67.5;50;OTOMOTIF
77.5;82;80;58;OTOMOTIF
85;90;70;40;OTOMOTIF
65;92;65;66;OTOMOTIF
60;78;70;76;OTOMOTIF
67.5;88;85;78;OTOMOTIF
60;84;72.5;48;OTOMOTIF
100;92;77.5;78;OTOMOTIF
72.5;74;65;40;OTOMOTIF
55;90;62.5;68;OTOMOTIF
72.5;76;62.5;58;OTOMOTIF
72.5;76;60;64;OTOMOTIF
72.5;76;50;62;OTOMOTIF
57.5;78;70;74;OTOMOTIF
57.5;78;67.5;54;OTOMOTIF
65;80;82.5;78;OTOMOTIF
87.5;88;72.5;56;OTOMOTIF
55;90;60;62;OTOMOTIF
57.5;88;65;70;OTOMOTIF
37.5;84;57.5;86;OTOMOTIF
62.5;80;75;40;OTOMOTIF
92.5;82;60;48;OTOMOTIF
62.5;84;75;44;OTOMOTIF
82.5;80;60;52;OTOMOTIF
82.5;92;67.5;68;OTOMOTIF
52.5;74;77.5;52;OTOMOTIF
80;82;70;66;OTOMOTIF
85;84;70;48;OTOMOTIF
72.5;86;77.5;38;OTOMOTIF
75;90;70;74;OTOMOTIF
67.5;84;67.5;38;OTOMOTIF
72.5;70;72.5;38;OTOMOTIF
97.5;94;80;56;OTOMOTIF
62.5;80;67.5;60;OTOMOTIF
82.5;78;77.5;56;OTOMOTIF
72.5;86;75;66;OTOMOTIF
97.5;88;77.5;64;OTOMOTIF
70;80;70;46;OTOMOTIF
57.5;80;60;48;OTOMOTIF
60;84;75;44;OTOMOTIF
50;88;52.5;56;OTOMOTIF
52.5;84;62.5;76;OTOMOTIF
82.5;80;67.5;60;OTOMOTIF
67.5;86;87.5;38;OTOMOTIF
75;80;72.5;52;OTOMOTIF
50;82;72.5;48;OTOMOTIF
65;80;65;50;OTOMOTIF
47.5;80;62.5;60;OTOMOTIF
70;82;72.5;52;OTOMOTIF
85;74;67.5;60;OTOMOTIF
77.5;84;62.5;46;OTOMOTIF
47.5;78;67.5;72;OTOMOTIF
80;74;77.5;54;OTOMOTIF
95;78;75;44;OTOMOTIF
65;90;70;58;OTOMOTIF
85;84;75;74;OTOMOTIF
92.5;98;70;68;OTOMOTIF
97.5;86;90;70;OTOMOTIF
70;80;67.5;64;OTOMOTIF
80;84;80;42;OTOMOTIF
70;86;67.5;64;OTOMOTIF
60;80;57.5;62;OTOMOTIF
77.5;84;60;50;OTOMOTIF
62.5;88;77.5;44;OTOMOTIF
87.5;80;72.5;64;OTOMOTIF
75;84;70;68;OTOMOTIF
80;86;65;42;OTOMOTIF
75;90;75;50;OTOMOTIF
90;90;92.5;60;OTOMOTIF
87.5;80;75;58;OTOMOTIF
62.5;82;57.5;52;OTOMOTIF
85;76;72.5;58;OTOMOTIF
62.5;86;75;60;OTOMOTIF
77.5;80;77.5;64;OTOMOTIF
55;76;62.5;56;OTOMOTIF
77.5;90;82.5;64;OTOMOTIF
52.5;80;57.5;64;OTOMOTIF
92.5;82;75;48;OTOMOTIF
85;80;82.5;38;OTOMOTIF
95;98;100;44;OTOMOTIF
67.5;86;57.5;50;OTOMOTIF
67.5;86;75;56;OTOMOTIF
52.5;72;70;50;OTOMOTIF
80;86;77.5;44;OTOMOTIF
60;78;72.5;52;OTOMOTIF
72.5;70;72.5;38;KOMPUTER & JARINGAN
55;70;80;50;KOMPUTER & JARINGAN
75;78;65;52;KOMPUTER & JARINGAN
82.5;74;57.5;50;KOMPUTER & JARINGAN
82.5;70;60;54;KOMPUTER & JARINGAN
77.5;84;65;46;KOMPUTER & JARINGAN
85;86;80;50;KOMPUTER & JARINGAN
62.5;86;72.5;70;KOMPUTER & JARINGAN
77.5;78;65;54;KOMPUTER & JARINGAN
85;80;85;56;KOMPUTER & JARINGAN
95;86;90;60;KOMPUTER & JARINGAN
57.5;80;55;54;KOMPUTER & JARINGAN
90;82;62.5;74;KOMPUTER & JARINGAN
62.5;78;70;62;KOMPUTER & JARINGAN
97.5;84;85;84;KOMPUTER & JARINGAN
62.5;74;70;38;KOMPUTER & JARINGAN
85;80;57.5;58;KOMPUTER & JARINGAN
75;88;62.5;66;KOMPUTER & JARINGAN
65;84;65;50;KOMPUTER & JARINGAN
60;90;52.5;64;KOMPUTER & JARINGAN
80;82;80;56;KOMPUTER & JARINGAN
90;98;80;74;KOMPUTER & JARINGAN
92.5;96;72.5;66;KOMPUTER & JARINGAN
85;82;77.5;42;KOMPUTER & JARINGAN
65;76;60;72;KOMPUTER & JARINGAN
62.5;74;62.5;62;KOMPUTER & JARINGAN
57.5;88;70;54;KOMPUTER & JARINGAN
57.5;80;65;50;KOMPUTER & JARINGAN
60;76;67.5;64;KOMPUTER & JARINGAN
77.5;74;70;48;KOMPUTER & JARINGAN
70;82;72.5;70;KOMPUTER & JARINGAN
87.5;94;70;66;KOMPUTER & JARINGAN
75;70;70;48;MULTIMEDIA
90;86;75;52;MULTIMEDIA
90;80;77.5;64;MULTIMEDIA
77.5;86;77.5;56;MULTIMEDIA
72.5;84;82.5;52;MULTIMEDIA
92.5;88;80;66;MULTIMEDIA
60;82;72.5;72;MULTIMEDIA
85;84;82.5;72;MULTIMEDIA
75;80;60;70;MULTIMEDIA
87.5;80;95;80;MULTIMEDIA
97.5;86;80;58;MULTIMEDIA
85.5;90;90;90;MULTIMEDIA
62.5;82;65;44;MULTIMEDIA
47.5;86;55;72;MULTIMEDIA
52.5;84;57.5;48;MULTIMEDIA
55;86;65;40;MULTIMEDIA
62.5;76;52.5;44;MULTIMEDIA
65;92;72.5;52;MULTIMEDIA
55;80;62.5;46;MULTIMEDIA
62.5;74;47.5;50;MULTIMEDIA
42.5;84;45;58;MULTIMEDIA
40;76;47.5;48;MULTIMEDIA
42.5;80;42.5;50;MULTIMEDIA
70;68;60;44;MULTIMEDIA
50;78;60;30;MULTIMEDIA
45;72;57.5;50;MULTIMEDIA
60;82;57.5;44;MULTIMEDIA
45;84;47.5;42;MULTIMEDIA
35;78;62.5;64;MULTIMEDIA
47.5;78;60;66;MULTIMEDIA
45;84;70;44;MULTIMEDIA